본부,지사,영업소,주소,우편번호(5자리),영업소코드,영업소명
수도권,시흥,서서울,경기도 안산시 상록구 장하로 141-2,15208,253,서서울
수도권,군포,군자,경기도 시흥시 군자로335번길 36-29,15004,254,군자
수도권,군포,서안산,경기도 안산시 단원구 시흥대로 19-30,15210,255,서안산
수도권,군포,안산,경기도 안산시 오리골길 15-1,15208,256,안산
수도권,군포,군포,경기도 군포시 영동고속도로 26,15884,215,군포
수도권,군포,동군포,경기도 군포시 영동고속도로 25,15878,214,동군포
수도권,군포,부곡,경기도 의왕시 덕영대로 77,16079,213,부곡
수도권,군포,북수원,경기도 수원시 장안구 영동고속도로 31,16201,212,북수원
수도권,군포,동수원,경기도 수원시 영통구 영동고속도로 36,16226,102,동수원
수도권,군포,마성,경기도 용인시 처인구 포곡읍 마성로 1,17024,171,마성
수도권,화성,서평택,경기도 평택시 포승읍 포승향남로 194-88,17951,285,서평택
수도권,화성,발안,경기도 화성시 팔탄면 3.1만세로 879-40(매곡리 44-1),18534,283,발안
수도권,화성,비봉,경기도 화성시 비봉면 화성로 2011(구포리 58-3),18291,282,비봉
수도권,화성,매송,경기도 화성시 매송면 푸른들판로 2060(송라리 산17-1),18286,281,매송
수도권,화성,청북,경기도 평택시 청북읍 서해로 1865-90,17794,540,청북
수도권,화성,평택고덕,경기도 평택시 고덕면 궁2길 37-84,17821,741,평택고덕
수도권,화성,송탄,경기도 평택시 청원로 1744-73(도일동 산219-2),17725,541,송탄
수도권,화성,서안성,경기도 안성시 원곡면 평택제천고속도로 25,17555,542,서안성
수도권,화성,남안성,경기도 안성시 미양면 평택제천고속도로 35,17600,543,남안성
수도권,화성,평택,경기도 평택시 청북읍 백봉길 178-54(백봉리 646-1),17798,520,평택
수도권,수원,오산,경기도 오산시 원동로 105(원동),18150,106,오산
수도권,수원,기흥,경기도 용인시 기흥구 기흥단지로 7 (고매동),17086,105,기흥
수도권,수원,기흥동탄,경기도 용인시 기흥구 경부고속도로 387번지 (고매동),17102,528,기흥동탄
수도권,수원,수원신갈,경기도 용인시 기흥구 하갈로 240 (상갈동),17096,103,수원신갈
수도권,수원,서울,경기도 성남시 분당구 대왕판교로 240 (궁내동),13550,101,서울
수도권,경기광주,서이천,경기도 이천시 마장면 서이천로 663(장암리 346-1),17383,194,서이천
수도권,경기광주,곤지암,경기도 광주시 곤지암읍 경충대로 811-73(삼리 378),12805,192,곤지암
수도권,경기광주,경기광주,경기도 광주시 남한산성면 해공로 55(상번천리 518),12705,191,경기광주
수도권,경기광주,동서울,경기도 하남시 중부고속도로 115(하산곡동),13024,190,동서울
강원,원주,여주,경기도 여주시 장여로 1758,12653,177,여주
강원,원주,문막,강원도 원주시 문막읍 원문로 1723,26372,178,문막
강원,원주,원주,강원도 원주시 노하길 26,26311,180,원주
강원,원주,새말,강원도 횡성군 우천면 영동고속도로 143,25248,181,새말
강원,원주,둔내,강원도 횡성군 둔내면 영동고속도로 161,25266,182,둔내
강원,대관령,면온,강원도 평창군 봉평면 태기로 627,25309,183,면온
강원,대관령,평창,강원도 평창군 용평면 금송길 22,25315,185,평창
강원,대관령,속사,강원도 평창군 용평면 양지길 30-28,25312,186,속사
강원,대관령,진부,강원도 평창군 진부면 까치골길 43-8,25323,187,진부
강원,대관령,대관령,강원도 평창군 대관령면 오리골길 44,25347,184,대관령
강원,홍천,북원주,강원도 원주시 호저면 평천1길 24-23,26303,217,북원주
강원,홍천,횡성,강원도 횡성군 횡성읍 중앙고속도로 51,25210,216,횡성
강원,홍천,홍천,강원도 홍천군 홍천읍 설악로 1351-20,25117,179,홍천
강원,홍천,춘천,강원도 춘천시 동내면 고은길 88,24399,174,춘천
강원,춘천,남양주,경기도 남양주시 와부읍 월문천로 280-63,12203,651,남양주
강원,춘천,화도,경기도 남양주시 화도읍 폭포로 137-50,12196,652,화도
강원,춘천,서종,경기도 양평군 서종면 북한강로 1138-27,12500,653,서종
강원,춘천,설악,경기도 가평군 설악면 유명로 1584,12467,654,설악
강원,춘천,강촌,강원도 춘천시 남면 한덕발산길 1302-5,24468,655,강촌
강원,춘천,남춘천,강원도 춘천시 동산면 종자리로 157-29,24409,656,남춘천
강원,춘천,동홍천,강원도 홍천군 화촌면 성산로 44번길 6-17,25157,554,동홍천
강원,강릉,근덕,강원도 삼척시 근덕면 심반금계길 179,25932,704,근덕
강원,강릉,삼척,강원도 삼척시 오십천로 121,25907,703,삼척
강원,강릉,동해,강원도 동해시 동해대로 5249,25801,583,동해
강원,강릉,망상,강원도 동해시 동해대로 6099,25701,582,망상
강원,강릉,옥계,강원도 강릉시 옥계면 동해고속도로 321,25634,581,옥계
강원,강릉,남강릉,강원도 강릉시 구정면 동해고속도로 340,25624,584,남강릉
강원,강릉,강릉,강원도 강릉시 성산면 소목길 123-7,25449,189,강릉
강원,강릉,북강릉,강원도 강릉시 사천면 동해고속도로 358,25434,580,북강릉
강원,강릉,남양양,강원도 양양군 현남면 지경길 76,25058,284,남양양
강원,양양,하조대,강원도 양양군 현북면 말곡길 53-41,25046,585,하조대
강원,양양,양양,강원도 양양군 곰밭길 175-32,25035,510,양양
강원,양양,북양양,강원도 양양군 강현면 장재터로 259-80,25000,701,북양양
강원,양양,속초,강원도 속초시 미시령로 2864,24859,702,속초
강원,양양,내촌,강원도 홍천군 내촌면 장수원로 630-22,25162,765,내촌
강원,양양,인제,강원도 인제군 상남면 하남리 116-8,24665,766,인제
강원,이천,용인,경기도 용인시 처인구 백옥대로1401-9(유방동 134),17041,172,용인
강원,이천,양지,경기도 용인시 처인구 양지면 양지로 257,17158,173,양지
강원,이천,덕평,경기도 이천시 마장면 덕평로910(덕평리 263-3),17389,175,덕평
강원,이천,이천,경기도 이천시 부발읍 경충대로2092번길 76-76,17333,176,이천
강원,이천,남여주,경기도 여주시 능서면 중부내륙고속도로 270,12646,500,남여주
강원,이천,서여주,경기도 여주시 능서면 중부대로 2531   ,12641,597,서여주
강원,이천,북여주,경기도 여주시 흥천면 이여로 1032,12604,598,북여주
강원,이천,양평,경기도 양평군 옥천면 경강로 1401,12508,517,양평
충북,진천,서청주,충청북도 청주시 흥덕구 직지대로 219번지,28358,198,서청주
충북,진천,오창,충청북도 청주시 청원구 오창읍 중부고속도로 14,28131,199,오창
충북,진천,증평,충청북도 청주시 청원구 오창읍 중부고속도로 24,28127,197,증평
충북,진천,진천,충청북도 진천군 진천읍 덕금로 192-1번지,27846,196,진천
충북,진천,대소,충청북도 음성군 대소면 대금로 185-23번지,27659,195,대소
충북,진천,일죽,경기도 안성시 일죽면 서동대로7227,17530,193,일죽
충북,진천,남이천,경기도 이천시 모가면 공원로 31,17406,705,남이천
충북,제천,단양,충청북도 단양군 대강면 단양로 2,27027,521,단양
충북,제천,북단양,충청북도 단양군 적성면 적성로 183-30,27000,522,북단양
충북,제천,남제천,충청북도 제천시 금성면 양월로 174 ,27208,523,남제천
충북,제천,제천,충청북도 제천시 봉양읍 북부로 11길 77-32,27115,240,제천
충북,제천,신림,강원도 원주시 신림면 신림황둔로 74,26506,219,신림
충북,제천,남원주,강원도 원주시 지니기길 35,26395,218,남원주
충북,충주,연풍,충청북도 괴산군 연풍면 중부내륙고속도로 195,28014,564,연풍
충북,충주,괴산,충청북도 괴산군 장연면 중부내륙고속도로 209,28008,563,괴산
충북,충주,충주,충청북도 충주시 대소원면 중부내륙고속도로 225,27472,562,충주
충북,충주,북충주,충청북도 충주시 노은면 중부내륙고속도로 234,27453,561,북충주
충북,충주,감곡,충청북도 음성군 감곡면 가곡로 193-27,27605,560,감곡
충북,보은,회인,충청북도 보은군 회인면 보청대로 3290,28929,532,회인
충북,보은,보은,충청북도 보은군 보은읍 남부로 4043,28958,533,보은
충북,보은,속리산,충청북도 보은군 탄부면 보청대로 985,28912,534,속리산
충북,보은,화서,경상북도 상주시 화서면 영남제일로 4119-26,37139,535,화서
충북,보은,남상주,경상북도 상주시 경상대로 2509-51,37226,536,남상주
충북,엄정,북진천,충청북도 진천군 이월면 평택제천고속도로 56,27815,555,북진천
충북,엄정,금왕꽃동네,충청북도 음성군 금왕읍 맹동산단지원로 349,27683,128,금왕꽃동네
충북,엄정,음성,충청북도 음성군 금왕읍 생음대로 1000-67,27626,136,음성
충북,엄정,서충주,충청북도 충주시 신니면 평택제천고속도로 78,27454,188,서충주
충북,엄정,동충주,충청북도 충주시 엄정면 평택제천고속도로 103-3,27316,297,동충주
충북,상주,상주,경상북도 상주시 영남제일로 1246-51(헌신동516),37240,124,상주
충북,상주,북상주,경상북도 상주시 공검면 경상대로 4320-49,37131,570,북상주
충북,상주,점촌함창,경상북도 상주시 함창읍 문경대로 331-83,37110,566,점촌함창
충북,상주,문경새재,경상북도 문경시 마성면 중부내륙고속도로 180,36925,565,문경새재
대전충남,천안,청주,충청북도 청주시 흥덕구 경부고속도로 305,28369,111,청주
대전충남,천안,목천,충청남도 천안시 동남구 목천읍 종합휴양지로 58-32 ,31234,110,목천
대전충남,천안,천안,충청남도 천안시 동남구 만남로 164-1 (신부동) ,31067,108,천안
대전충남,천안,안성,경기도 안성시 공도읍 승진길37,17563,107,안성
대전충남,천안,북천안,충청남도 천안시 서북구 성거읍 도토성길 146,31041,229,북천안
대전충남,대전,남청주,충청북도 청주시 서원구 남이면 경부고속도로 25,28185,112,남청주
대전충남,대전,신탄진,대전광역시 대덕구 덕암로 207,34333,113,신탄진
대전충남,대전,대전,대전광역시 대덕구 동서대로 1855,34405,115,대전
대전충남,대전,유성,대전광역시 유성구 호남지선고속도로 43,34149,152,유성
대전충남,대전,북대전,대전광역시 유성구 호남지선고속도로 51,34039,151,북대전
대전충남,영동,황간,충청북도 영동군 황간면 영동황간로 1516-81,29114,120,황간
대전충남,영동,영동,충청북도 영동군 용산면 용산로 456-93,29110,118,영동
대전충남,영동,금강,충청북도 옥천군 동이면 경부고속도로 249,29022,117,금강
대전충남,영동,옥천,충청북도 옥천군 옥천읍 중앙로 117-50,29031,116,옥천
대전충남,영동,판암,대전광역시 동구 통영대전고속도로211,34502,119,판암
대전충남,영동,서대전,대전광역시 서구 대전남부순환고속도로2,35377,153,서대전
대전충남,영동,안영,대전광역시 중구 대전남부순환고속도로 6,35085,154,안영
대전충남,당진,홍성,충청남도 홍성군 갈산면 서해안고속도로 226,32203,257,홍성
대전충남,당진,해미,충청남도 서산시 해미면 한티로 30-63,31961,299,해미
대전충남,당진,서산,충청남도 서산시 운산면 운암로 914-33,31943,298,서산
대전충남,당진,당진,충청남도 당진시 송악읍 반촌로 224,31737,288,당진
대전충남,당진,송악,충청남도 당진시 송악읍 구래길 245,31723,287,송악
대전충남,당진,면천,충청남도 당진시 면천면 아미로 33,31803,571,면천
대전충남,당진,고덕,충청남도 예산군 고덕면 당진영덕고속도로 14,32400,572,고덕
대전충남,공주,예산수덕사,충청남도 예산군 오가면 당진영덕고속도로 25,32425,573,예산수덕사
대전충남,공주,신양,충청남도 예산군 신양면 당진영덕고속도로 38,32453,574,신양
대전충남,공주,유구,충청남도 공주시 유구읍 당진영덕고속도로 48,32502,575,유구
대전충남,공주,마곡사,충청남도 공주시 사곡면 당진영덕고속도로 57,32523,576,마곡사
대전충남,공주,공주,충청남도 공주시 쌍신동 당진영덕고속도로 66,32529,577,공주
대전충남,공주,서세종,세종특별자치시 장군면 당진영덕고속도로 74,30053,578,서세종
대전충남,공주,남세종,세종특별자치시 금남면 두만리 당진영덕고속도로 85,30087,579,남세종
대전충남,부여,동서천,충청남도 서천군 화양면 서천공주고속도로1,33629,591,동서천
대전충남,부여,서부여,충청남도 부여군 홍산면 서천공주고속도로24,33203,592,서부여
대전충남,부여,부여,충청남도 부여군 규암면 서천공주고속도로32,33117,593,부여
대전충남,부여,청양,충청남도 청양군 정산면 서천공주고속도로45,33350,594,청양
대전충남,부여,서공주,충청남도 공주시 우성면 서천공주고속도로57,32532,595,서공주
전북,전주,내장산,전라북도 정읍시 입암면 가리대 1길 38-25,56216,530,내장산
전북,전주,정읍,전라북도 정읍시 벗꽃로 164-57,56155,163,정읍
전북,전주,태인,전라북도 정읍시 태인면 석지로 1302,56112,162,태인
전북,전주,금산사,전라북도 김제시 금산면 봉남로 130,54357,161,금산사
전북,전주,김제,전라북도 김제시 금구면 서도리 대송로 494-24,54349,160,김제
전북,전주,서전주,전라북도 완주군 이서면 호남고속도로 164,55366,159,서전주
전북,전주,전주,전라북도 전주시 덕진구 동부대로 1723 ,54806,158,전주
전북,전주,삼례,전라북도 익산시 왕궁면 학호2길 7,54579,157,삼례
전북,부안,고창,전라북도 고창군 고창읍 서해안고속도로 76,56443,505,고창
전북,부안,선운산,전라북도 고창군 흥덕면 서해안고속도로 84,56415,504,선운산
전북,부안,줄포,전라북도 부안군 줄포면 반월제길 59,56324,503,줄포
전북,부안,부안,전라북도 부안군 동진면 신광로 22-25,56317,502,부안
전북,부안,서김제,전라북도 김제시 성덕면 만경로 374-69,54326,501,서김제
전북,부안,동군산,전라북도 군산시 대야면 금만로 1849,54061,228,동군산
전북,무주,덕유산,전라북도 무주군 안성면 장무로 1743,55542,168,덕유산
전북,무주,무주,전라북도 무주군 무주읍 무주로 1762,55512,164,무주
전북,무주,금산,충청남도 금산군 제원면 인삼로 489,32723,200,금산
전북,무주,추부,충청남도 금산군 추부면 금산로2632,32711,204,추부
전북,무주,남대전,대전광역시 동구 금산로 479,34709,114,남대전
전북,논산,익산,전라북도 완주군 봉동읍 호남고속도로185,55313,156,익산
전북,논산,논산,충청남도 논산시 연무읍 동안로 1190,33010,155,논산
전북,논산,계룡,충청남도 계룡시 두마면 계룡대로 2,32840,109,계룡
전북,논산,완주,전라북도 완주군 용진읍 익산장수고속도로8,55351,544,완주
전북,진안,소양,전라북도 완주군 소양면 익산장수고속도로 18,55356,545,소양
전북,진안,진안,전라북도 진안군 진안읍 익산장수고속도로 44,55442,546,진안
전북,진안,장수,전라북도 장수군 계남면 장무로 2-55,55622,169,장수
전북,진안,동전주,전라북도 전주시 덕진구 수곡길 33-50,55026,590,동전주
전북,진안,상관,전라북도 완주군 상관면 순천-완주고속도로 103,55359,589,상관
전북,보령,군산,전라북도 군산시 성산면 구암로560,54046,227,군산
전북,보령,서천,충청남도 서천군 서천읍 서해안고속도로 159,33634,234,서천
전북,보령,춘장대,충청남도 서천군 비인면 서해안고속도로 174,33606,260,춘장대
전북,보령,무창포,충청남도 보령시 웅천읍 무창포로 195,33506,511,무창포
전북,보령,대천,충청남도 보령시 황골길 25,33491,259,대천
전북,보령,광천,충청남도 보령시 천북면 서해안고속도로 214,33404,258,광천
광주전남,광주,담양,전라남도 담양군 무정면 88올림픽고속도로 7,57368,249,담양
광주전남,광주,창평,전라남도 담양군 창평면 호남고속도로 65,57377,262,창평
광주전남,광주,동광주,광주광역시 북구 호남고속도로 70,61046,261,동광주
광주전남,광주,광주,전라남도 장성군 남면 호남고속도로 90,57249,167,광주
광주전남,광주,장성,전라남도 장성군 장성읍 호남고속도로 94,57217,166,장성
광주전남,광주,백양사,전라남도 장성군 북이면 호남고속도로 111,57200,165,백양사
광주전남,담양,북광주,전라남도 담양군 대전면 고창담양고속도로 29,57331,569,북광주
광주전남,담양,장성물류,전라남도 장성군 서삼면 고창담양고속도로 13,57232,568,장성물류
광주전남,담양,남고창,전라북도 고창군 고수면 고창담양고속도로 3,56446,567,남고창
광주전남,담양,곡성,전라남도 곡성군 삼기면 호남고속도로 42,57522,265,곡성
광주전남,담양,옥과,전라남도 곡성군 오산면 호남고속도로 54,57517,263,옥과
광주전남,순천,순천,전라남도 순천시 서면 남해고속도로 126,57905,271,순천
광주전남,순천,광양,전라남도 광양시 광양읍 백운로 83-21,57750,272,광양
광주전남,순천,동광양,전라남도 광양시 중양길 47,57766,273,동광양
광주전남,순천,옥곡,전라남도 광양시 옥곡면 강변로 434-37,57714,275,옥곡
광주전남,순천,진월,전라남도 광양시 진월면 백운1로 523-31,57712,276,진월
광주전남,순천,서순천,전라남도 순천시 서면 남해고속도로 122,57906,270,서순천
광주전남,순천,승주,전라남도 순천시 승주읍 호남고속도로 10,57908,268,승주
광주전남,순천,주암송광사,전라남도 순천시 주암면 호남고속도로 21,57911,267,주암송광사
광주전남,순천,석곡,전라남도 곡성군 석곡면 호남고속도로 30,57561,266,석곡
광주전남,함평,동함평,전라남도 함평군 학교면 무안광주고속도로16,57158,549,동함평
광주전남,함평,문평,전라남도 나주시 문평면 무안광주고속도로20,58200,550,문평
광주전남,함평,서광산,광주광역시 광산구 연산로 2,62460,552,서광산
광주전남,함평,동광산,광주광역시 광산구 무안광주고속도로 38 ,62409,553,동광산
광주전남,함평,목포,전라남도 무안군 일로읍 서해안고속도로 8,58569,509,목포
광주전남,함평,무안,전라남도 무안군 무안읍 서해안고속도로 24,58516,508,무안
광주전남,함평,함평,전라남도 함평군 함평읍 서해안고속도로 34,57135,507,함평
광주전남,함평,영광,전라남도 영광군 대마면 서해안고속도로 59,57055,506,영광
광주전남,구례,임실,전라북도 임실군 성수면 순천완주고속도로 85,55918,588,임실
광주전남,구례,오수,전라북도 임실군 오수면 순천완주고속도로 77,55950,587,오수
광주전남,구례,서남원,전라북도 남원시 송동면 순천완주고속도로 54,55790,559,서남원
광주전남,구례,구례화엄사,전라남도 구례군 용방면 순천완주고속도로 38,57612,558,구례화엄사
광주전남,구례,황전,전라남도 순천시 황전면 순천완주고속도로 26,57900,557,황전
광주전남,구례,북남원,전라북도 남원시 대산면 순천완주고속도로 64,55779,586,북남원
광주전남,보성,서영암,전라남도 영암군 서호면 남해고속도로 5,58437,981,서영암
광주전남,보성,강진무위사,전라남도 강진군 성전면 남해고속도로 20,59202,982,강진무위사
광주전남,보성,장흥,전라남도 장흥군 부산면 남해고속도로 38,59309,983,장흥
광주전남,보성,보성,전라남도 보성군 미력면 남해고속도로 62,59442,984,보성
광주전남,보성,벌교,전라남도 보성군 벌교읍 남해고속도로 79,59416,985,벌교
광주전남,보성,고흥,전라남도 고흥군 동강면 고흥로 4823-17,59502,986,고흥
광주전남,보성,남순천,전라남도 순천시 별량면 남해고속도로 98,58032,987,남순천
광주전남,남원,순창,전라북도 순창군 순창읍 성현길 35,56050,248,순창
광주전남,남원,남원,전라북도 남원시 충정로 285-23 ,55726,247,남원
광주전남,남원,동남원,전라북도 남원시 산동면 대구광주고속도로 67,55709,264,동남원
광주전남,남원,지리산,전라북도 남원시 아영면 인월장터로280 ,55713,269,지리산
대구경북,구미,왜관,경상북도 칠곡군 왜관읍 칠곡대로 1779-60,39907,126,왜관
대구경북,구미,남구미,경상북도 구미시 경부고속도로 168,39355,125,남구미
대구경북,구미,구미,경상북도 구미시 경부고속도로 172,39272,123,구미
대구경북,구미,김천,경상북도 김천시 경부고속도로 201,39529,122,김천
대구경북,구미,추풍령,경상북도 김천시 봉산면 경부고속도로 214,39560,121,추풍령
대구경북,구미,칠곡물류,경상북도 칠곡군 지천면 경부고속도로 151,39868,518,칠곡물류
대구경북,구미,동김천,경상북도 김천시 남면 경부고속도로 192,39662,130,동김천
대구경북,대구,경주,경상북도 경주시 서라벌대로 464,38189,135,경주
대구경북,대구,건천,경상북도 경주시 건천읍 단석로 1805-21,38180,133,건천
대구경북,대구,영천,경상북도 영천시 영천IC로 171,38898,132,영천
대구경북,대구,경산,경상북도 경산시 진량읍 대학로 853-35,38485,131,경산
대구경북,대구,북대구,대구광역시 북구 서변남로 121,41479,129,북대구
대구경북,군위,칠곡,대구광역시 북구 관음로41(관음동 764-1),41448,201,칠곡
대구경북,군위,다부,경상북도 칠곡군 가산면 호국로 1420 (다부리 229),39851,202,다부
대구경북,군위,가산,경상북도 칠곡군 가산면 송신로54 (천평리 612-29),39852,203,가산
대구경북,군위,군위,경상북도 군위군 군위읍 경북대로 3313,39024,205,군위
대구경북,군위,의성,경상북도 의성군 봉양면 경북대로 4306-35,37363,206,의성
대구경북,군위,화원옥포,대구광역시 달성군 화원읍 비슬로 2335 (설화리 281-3),42945,231,화원옥포
대구경북,군위,서대구,대구광역시 서구 가르뱅이로 102-30 (상리동56-2),41750,127,서대구
대구경북,군위,남대구,대구광역시 달서구 중부내륙지선고속도로 23,42723,519,남대구
대구경북,영천,팔공산,대구광역시 동구 도평로 114( 도동 971-43),41052,230,팔공산
대구경북,영천,청통와촌,경상북도 영천시 청통면 한티길 76(죽정리 230-3),38869,524,청통와촌
대구경북,영천,북영천,경상북도 영천시 매산숲길123(매산동996),38822,525,북영천
대구경북,영천,서포항,경상북도 포항시 북구 기계면 대구포항고속도로 60,37527,526,서포항
대구경북,영천,포항,경상북도 포항시 남구 연일읍 대구포항고속도로 68,37654,527,포항
대구경북,고령,함양,경상남도 함양군 함양읍 고운로 333,50023,224,함양
대구경북,고령,거창,경상남도 거창군 거창읍 광주대구고속도로 121,50146,280,거창
대구경북,고령,가조,경상남도 거창군 가조면 지산로 1412,50118,274,가조
대구경북,고령,해인사,경상남도 합천군 야로면 돈평길 34,50205,243,해인사
대구경북,고령,고령,경상북도 고령군 쌍림면 쌍쌍로 951,40160,242,고령
대구경북,고령,동고령,경상북도 고령군 성산면 성산로 955,40118,241,동고령
대구경북,영주,남안동,경상북도 안동시 일직면 간평길 324(조탑리447-3),36756,207,남안동
대구경북,영주,서안동,경상북도 안동시 풍산읍 경서로 4548(노리317-2),36621,208,서안동
대구경북,영주,예천,경상북도 예천군 보문면 보문로 716(작곡리77-4),36814,209,예천
대구경북,영주,영주,경상북도 영주시 장수면 장수로 2(화기리416-7),36146,210,영주
대구경북,영주,풍기,경상북도 영주시 봉현면 소백로 1648-25(대촌리449-1) ,36045,211,풍기
대구경북,성주,선산,경상북도 구미시 선산읍 중부내륙고속도로 124,39133,134,선산
대구경북,성주,남성주,경상북도 성주군 용암면 중부내륙고속도로 74,40050,539,남성주
대구경북,성주,성주,경상북도 성주군 대가면 중부내륙고속도로 85,40056,538,성주
대구경북,성주,남김천,경상북도 김천시 남면 중부내륙고속도로 104,39667,537,남김천
대구경북,청송,동상주,경상북도 상주시 낙동면 구잠2길 11,37250,712,동상주
대구경북,청송,서의성,경상북도 의성군 단북면 서부로 1997-19,37372,713,서의성
대구경북,청송,북의성,경상북도 의성군 단촌면 경북대로 6426-57,37329,714,북의성
대구경북,청송,동안동,경상북도 안동시 길안면 만음개골길8,36735,715,동안동
대구경북,청송,청송,경상북도 청송군 파천면 청송로 5377-59,37418,716,청송
대구경북,청송,동청송영양,경상북도 청송군 진보면 경동로 5202-63,37411,748,동청송영양
대구경북,청송,영덕,경상북도 영덕군 강구면 원직리 당진영덕고속도로310,36450,749,영덕
부산경남,울산,해운대송정,부산광역시 기장군 기장읍 기장대로 116-125,46076,647,해운대송정
부산경남,울산,기장일광,부산광역시 기장군 일광면 기장대로 909-45,46048,646,기장일광
부산경남,울산,장안,부산광역시 기장군 장안읍 기장대로 1561-67,46029,645,장안
부산경남,울산,온양,울산광역시 울주군 온양읍 광청로 796-20,44971,644,온양
부산경남,울산,청량,울산광역시 울주군 청량면 남창로 1181,44983,643,청량
부산경남,울산,문수,울산광역시 울주군 청량면 웅촌로 1110,44960,642,문수
부산경남,울산,울산,울산광역시 울주군 범서읍 백천2길 43,44932,641,울산
부산경남,울산,금정,부산광역시 금정구 선동 590번지,46210,753,금정
부산경남,울산,기장철마,부산광역시 기장군 철마면 백길리 29번지,46049,752,기장철마
부산경남,양산,서김해,경상남도 김해시 골드루트로66번길 160,50967,148,서김해
부산경남,양산,동김해,경상남도 김해시 남해고속도로 278,50937,149,동김해
부산경남,양산,북부산,부산광역시 강서구 남해고속도로 281,46705,150,북부산
부산경남,양산,대동,경상남도 김해시 대동면 대동로 756-118,50806,252,대동
부산경남,양산,물금,경상남도 양산시 물금읍 제방로 217,50615,251,물금
부산경남,양산,남양산,경상남도 양산시 동면 양산대로 565,50635,250,남양산
부산경남,양산,진영,경상남도 김해시 진영읍 김해대로 653,50869,757,진영
부산경남,양산,광재,경상남도 김해시 상동면 우계리 산 197,50805,755,광재
부산경남,양산,한림,경상남도 김해시 한림면 한림로 36-49,50851,756,한림
부산경남,창원,마산,경상남도 창원시 의창구 구암동정길 155,51189,289,마산
부산경남,창원,산인,경상남도 함안군 산인면 신산로 107,52032,145,산인
부산경남,창원,동창원,경상남도 창원시 의창구 동읍 의창대로 1082-52,51131,146,동창원
부산경남,창원,진례,경상남도 김해시 진영읍 서부로 337,50870,147,진례
부산경남,창원,장유,경상남도 김해시 장유로 324번길 44-43,50983,245,장유
부산경남,창원,북창원,경상남도 창원시 의창구 북면 천주로 406-80,51113,294,북창원
부산경남,진주,하동,경상남도 하동군 금남면 섬진강대로 950,52350,277,하동
부산경남,진주,진교,경상남도 하동군 진교면 경충로 1155-27,52344,278,진교
부산경남,진주,곤양,경상남도 사천시 곤양면 곤양로 70-65,52504,279,곤양
부산경남,진주,축동,경상남도 사천시 축동면 서삼로 1063-55,52509,290,축동
부산경남,진주,사천,경상남도 사천시 축동면 사천대로 2189 ,52510,291,사천
부산경남,진주,진주,경상남도 진주시 남해고속도로 194-1,52825,292,진주
부산경남,진주,문산,경상남도 진주시 문산읍 동진로 645,52853,293,문산
부산경남,진주,진성,경상남도 진주시 진성면 동부로 1359-15,52621,295,진성
부산경남,진주,지수,경상남도 진주시 지수면 용봉로 7-30,52610,296,지수
부산경남,진주,군북,경상남도 함안군 군북면 함마대로 395,52061,142,군북
부산경남,진주,장지,경상남도 함안군 군북면 장백로 308,52062,143,장지
부산경남,진주,함안,경상남도 함안군 가야읍 함안대로 703-55,52034,144,함안
부산경남,산청,서상,경상남도 함양군 서상면 서상로 111,50002,170,서상
부산경남,산청,지곡,경상남도 함양군 지곡면 함양로 2243,50014,104,지곡
부산경남,산청,생초,경상남도 산청군 생초면 통영대전고속도로 98,52204,221,생초
부산경남,산청,산청,경상남도 산청군 금서면 통영대전고속도로 90,52215,222,산청
부산경남,산청,단성,경상남도 산청군 단성면 통영대전고속도로 72,52251,223,단성
부산경남,산청,서진주,경상남도 진주시 서장대로 44,52647,225,서진주
부산경남,경주,범서,울산광역시 울주군 범서읍 갈매정길 64-24,44917,747,범서
부산경남,경주,남경주,경상북도 경주시 외동읍 산업로  2563-38,38211,706,남경주
부산경남,경주,동경주,경상북도 경주시 양북면 지저남동길 109-64,38121,708,동경주
부산경남,경주,남포항,경상북도 포항시 남구 정몽주로 39번길 56-27,37894,707,남포항
부산경남,창녕,달성,대구광역시 달성군 옥포면 송촌길 229,42973,232,달성
부산경남,창녕,현풍,대구광역시 달성군 현풍면 중부내륙지선고속도로 2,43007,233,현풍
부산경남,창녕,창녕,경상남도 창녕군 창녕읍 우포1대로 1513,50319,235,창녕
부산경남,창녕,영산,경상남도 창녕군 영산면 영산도천로 549,50319,236,영산
부산경남,창녕,남지,경상남도 창녕군 남지읍 낙동로 637,50357,237,남지
부산경남,창녕,칠서,경상남도 함안군 칠서면 유성로 13,52015,238,칠서
부산경남,창녕,칠원,경상남도 함안군 칠원면 오곡로 158-2,52020,239,칠원
부산경남,고성,연화산,경상남도 고성군 영오면 대가로 2155,52900,512,연화산
부산경남,고성,고성,경상남도 고성군 마암면 두호1길 125-19,52912,513,고성
부산경남,고성,동고성,경상남도 고성군 거류면 송산로 421,52924,514,동고성
부산경남,고성,북통영,경상남도 통영시 광도면 남해안대로 1227,53012,515,북통영
부산경남,고성,통영,경상남도 통영시 용남면 기호로 25-52,53026,516,통영
부산경남,서울산,부산,부산광역시 금정구 고분로 148,46209,140,부산
부산경남,서울산,노포,부산광역시 금정구 고분로93번길 51,46204,529,노포
부산경남,서울산,양산,경상남도 양산시 상북면 와곡2길 12-1,50565,138,양산
부산경남,서울산,통도사,울산광역시 울주군 삼남면 반구대로 80,44954,137,통도사
부산경남,서울산,서울산,울산광역시 울주군 삼남면 반구대로 760,44951,139,서울산
부산경남,서울산,활천,울산광역시 울주군 두서면 활천내와로 30-25,44910,722,활천
부산경남,서울산,배내골,경상남도 양산시 원동면 배내로 915,62683,771,배내골
,,,충청북도 옥천군,,226,금강휴게소
,,,경상남도,,286,통도사휴게소
,,,경상북도,,723,북구미
,,,충청북도 청주시 ,,733,옥산
,,,경기도 용인,,742,남사진위
,,,경상남도 함양,,724,서함양
,,,전라남도 영광군 ,,711,불갑산
,,,충청남도 당진시 ,,732,행담도
,,,경기도 화성시 ,,676,향남
,,,기도 평택시,,677,북평택
,,,기도 평택시,,876,양감
,,,경상북도 영천시,,725,임고
,,,충청남도 천안,,601,남천안
,,,충청남도 천안,,602,풍세상
,,,충청남도 공주시,,603,정안
,,,충청남도 공주시,,604,남공주
,,,충청남도 공주시,,605,탄천
,,,충청남도 논산시,,606,서논산
,,,충청남도 논산시,,607,연무
,,,충청남도 논산시,,608,남논산하
,,,충청남도 천안,,612,풍세하
,,,충청남도 천안,,613,남풍세
,,,충청남도 논산시,,618,남논산상
,,,충청북도 청주,,531,문의청남대
,,,충청북도 청주,,840,서오창동JC
,,,충청북도 청주,,850,서오창서JC
,,,충청북도 청주,,851,서오창
,,,,,729,신둔
,,,,,736,삼성
,,,,,735,남양평
,,,충청북도 청주,,762,중앙탑
,,,경기도 이천,,220,덕평휴게소
,,,강원도 횡성,,734,동둔내
,,,경기도 광주시,,660,초월
,,,경기도 광주시,,661,동곤지암
,,,,,662,흥천이포
,,,,,663,대신
,,,,,664,동여주
,,,,,665,동양평
,,,,,666,서원주
,,,,,667,경기광주JC
,,,,,668,신평JC
,,,,,669,원주JC
,,,,,657,동산
,,,부산광역시 기장군 기장읍 ,,648,해운대
,,,부산광역시 강서구 ,,244,서부산
,,,부산광역시 강서구,,596,가락2
,,,경상남도 창원시,,698,진해
,,,,,699,진해본선
,,,,,681,장안본선
,,,,,682,조암
,,,,,683,송산마도
,,,,,684,남안산
,,,,,685,서시흥
,,,대구광역시 동구,,621,동대구
,,,대구광역시 동구 율하동,,622,대구
,,,대구광역시 수성구,,623,수성
,,,,,624,청도
,,,,,625,밀양
,,,,,626,남밀양
,,,,,627,삼랑진
,,,,,628,상동
,,,경남 김해시 ,,629,김해부산
,,,,,675,서오산
,,,충청남도 논산시 ,,599,양촌
,,,,,720,밀양입구JC
,,,울산광역시 울주군,,770,울주동JC
,,,,,600,낙동JC
,,,,,611,도개
,,,,,614,서군위
,,,,,615,동군위
,,,,,616,신녕
,,,,,617,북안
,,,,,620,영천JC
,,,,,650,군위출구JC
,,,,,680,화산출구JC
,,,,,686,동영천
,,,경기도 화성시,,671,봉담
,,,경기도 화성시,,672,정남
,,,경기도 오산시,,673,북오산
,,,경기도 수원시,,691,금곡
,,,경기도 수원시,,692,동안산당수
,,,경기도 군포시,,693,남군포
,,,경기도 시흥시,,694,동시흥
,,,경기도 광명시,,695,남광명
,,,경기도 화성시,,801,남봉담
,,,경기도 화성시,,802,청요동
,,,경기도 화성시,,803,남비봉팔탄
,,,경기도 화성시,,804,화성
,,,경기도 화성시,,805,마도
,,,경기도 화성시,,806,마도서
,,,경기도 화성시,,812,청요서
,,,경상남도,,816,마도동
,,,경기도 광주시,,830,노곡
,,,경기도 광주시,,831,도척
,,,경기도 용인시,,832,포곡
,,,경기도 용인시,,833,서용인서
,,,경기도 용인시,,834,서용인동
,,,경기도 용인시,,835,서용인
,,,경기도 화성시,,836,동탄
,,,경상남도,,837,중리
,,,대구광역시,,730,유천
,,,대구광역시,,731,북현풍
,,,광주광역시,,718,남광산
,,,전라남도,,719,남장성
,,,전라남도,,547,무안공항
,,,전라남도,,548,북무안
,,,전라남도,,556,동순천
,,,부산광역시,,750,기장동JC
,,,부산광역시,,751,기장일광(KEC)
,,,경상남도 김해시,,754,김해가야휴게소
,,,부산광역시,,760,기장서JC
,,,대구광역시,,772,북달성
,,,대구광역시,,773,북다사
,,,경상북도 칠곡군,,774,남칠곡
,,,대구광역시,,775,동명동호
,,,대구광역시,,776,연경
,,,대구광역시,,777,파군재
,,,대구광역시,,779,율암
